destination_code,destination,source_market_code,source_market,year,foreign_arrivals,status,value_available,market_type,international_market
DE,Germany,EUR,Europe,2021,92065343.0,,True,regional_aggregate,False
DE,Germany,EUR,Europe,2022,152891215.0,,True,regional_aggregate,False
DE,Germany,EUR,Europe,2023,170315670.0,,True,regional_aggregate,False
DE,Germany,EUR,Europe,2024,175758213.0,,True,regional_aggregate,False
DE,Germany,EUR,Europe,2025,,,False,regional_aggregate,False
DE,Germany,BE,Belgium,2021,621993.0,,True,individual_country,True
DE,Germany,BE,Belgium,2022,1216635.0,,True,individual_country,True
DE,Germany,BE,Belgium,2023,1396964.0,,True,individual_country,True
DE,Germany,BE,Belgium,2024,1465552.0,,True,individual_country,True
DE,Germany,BE,Belgium,2025,,,False,individual_country,True
DE,Germany,BG,Bulgaria,2021,57481.0,,True,individual_country,True
DE,Germany,BG,Bulgaria,2022,104700.0,,True,individual_country,True
DE,Germany,BG,Bulgaria,2023,137512.0,,True,individual_country,True
DE,Germany,BG,Bulgaria,2024,147766.0,,True,individual_country,True
DE,Germany,BG,Bulgaria,2025,,,False,individual_country,True
DE,Germany,CZ,Czechia,2021,227946.0,,True,individual_country,True
DE,Germany,CZ,Czechia,2022,503872.0,,True,individual_country,True
DE,Germany,CZ,Czechia,2023,628549.0,,True,individual_country,True
DE,Germany,CZ,Czechia,2024,653394.0,,True,individual_country,True
DE,Germany,CZ,Czechia,2025,,,False,individual_country,True
DE,Germany,DK,Denmark,2021,703639.0,,True,individual_country,True
DE,Germany,DK,Denmark,2022,1344017.0,,True,individual_country,True
DE,Germany,DK,Denmark,2023,1482774.0,,True,individual_country,True
DE,Germany,DK,Denmark,2024,1529761.0,,True,individual_country,True
DE,Germany,DK,Denmark,2025,,,False,individual_country,True
DE,Germany,DE,Germany,2021,82122347.0,,True,domestic,False
DE,Germany,DE,Germany,2022,130157063.0,,True,domestic,False
DE,Germany,DE,Germany,2023,143495379.0,,True,domestic,False
DE,Germany,DE,Germany,2024,147267602.0,,True,domestic,False
DE,Germany,DE,Germany,2025,,,False,domestic,False
DE,Germany,EE,Estonia,2021,24825.0,,True,individual_country,True
DE,Germany,EE,Estonia,2022,56550.0,,True,individual_country,True
DE,Germany,EE,Estonia,2023,67997.0,,True,individual_country,True
DE,Germany,EE,Estonia,2024,75738.0,,True,individual_country,True
DE,Germany,EE,Estonia,2025,,,False,individual_country,True
DE,Germany,IE,Ireland,2021,55145.0,,True,individual_country,True
DE,Germany,IE,Ireland,2022,194501.0,,True,individual_country,True
DE,Germany,IE,Ireland,2023,223142.0,,True,individual_country,True
DE,Germany,IE,Ireland,2024,235699.0,,True,individual_country,True
DE,Germany,IE,Ireland,2025,,,False,individual_country,True
DE,Germany,EL,Greece,2021,60739.0,,True,individual_country,True
DE,Germany,EL,Greece,2022,132401.0,,True,individual_country,True
DE,Germany,EL,Greece,2023,167486.0,,True,individual_country,True
DE,Germany,EL,Greece,2024,198839.0,,True,individual_country,True
DE,Germany,EL,Greece,2025,,,False,individual_country,True
DE,Germany,ES,Spain,2021,338312.0,,True,individual_country,True
DE,Germany,ES,Spain,2022,885806.0,,True,individual_country,True
DE,Germany,ES,Spain,2023,1042037.0,,True,individual_country,True
DE,Germany,ES,Spain,2024,1123109.0,,True,individual_country,True
DE,Germany,ES,Spain,2025,,,False,individual_country,True
DE,Germany,FR,France,2021,689216.0,,True,individual_country,True
DE,Germany,FR,France,2022,1505355.0,,True,individual_country,True
DE,Germany,FR,France,2023,1763593.0,,True,individual_country,True
DE,Germany,FR,France,2024,1849028.0,,True,individual_country,True
DE,Germany,FR,France,2025,,,False,individual_country,True
DE,Germany,HR,Croatia,2021,62123.0,,True,individual_country,True
DE,Germany,HR,Croatia,2022,112914.0,,True,individual_country,True
DE,Germany,HR,Croatia,2023,146730.0,,True,individual_country,True
DE,Germany,HR,Croatia,2024,165545.0,,True,individual_country,True
DE,Germany,HR,Croatia,2025,,,False,individual_country,True
DE,Germany,IT,Italy,2021,479913.0,,True,individual_country,True
DE,Germany,IT,Italy,2022,1236789.0,,True,individual_country,True
DE,Germany,IT,Italy,2023,1496368.0,,True,individual_country,True
DE,Germany,IT,Italy,2024,1577424.0,,True,individual_country,True
DE,Germany,IT,Italy,2025,,,False,individual_country,True
DE,Germany,CY,Cyprus,2021,8817.0,,True,individual_country,True
DE,Germany,CY,Cyprus,2022,22001.0,,True,individual_country,True
DE,Germany,CY,Cyprus,2023,29936.0,,True,individual_country,True
DE,Germany,CY,Cyprus,2024,35937.0,,True,individual_country,True
DE,Germany,CY,Cyprus,2025,,,False,individual_country,True
DE,Germany,LV,Latvia,2021,34149.0,,True,individual_country,True
DE,Germany,LV,Latvia,2022,70956.0,,True,individual_country,True
DE,Germany,LV,Latvia,2023,84975.0,,True,individual_country,True
DE,Germany,LV,Latvia,2024,91079.0,,True,individual_country,True
DE,Germany,LV,Latvia,2025,,,False,individual_country,True
DE,Germany,LT,Lithuania,2021,52504.0,,True,individual_country,True
DE,Germany,LT,Lithuania,2022,111068.0,,True,individual_country,True
DE,Germany,LT,Lithuania,2023,129882.0,,True,individual_country,True
DE,Germany,LT,Lithuania,2024,146498.0,,True,individual_country,True
DE,Germany,LT,Lithuania,2025,,,False,individual_country,True
DE,Germany,LU,Luxembourg,2021,127862.0,,True,individual_country,True
DE,Germany,LU,Luxembourg,2022,250958.0,,True,individual_country,True
DE,Germany,LU,Luxembourg,2023,287093.0,,True,individual_country,True
DE,Germany,LU,Luxembourg,2024,297128.0,,True,individual_country,True
DE,Germany,LU,Luxembourg,2025,,,False,individual_country,True
DE,Germany,HU,Hungary,2021,94229.0,,True,individual_country,True
DE,Germany,HU,Hungary,2022,200211.0,,True,individual_country,True
DE,Germany,HU,Hungary,2023,255694.0,,True,individual_country,True
DE,Germany,HU,Hungary,2024,287642.0,,True,individual_country,True
DE,Germany,HU,Hungary,2025,,,False,individual_country,True
DE,Germany,MT,Malta,2021,8851.0,,True,individual_country,True
DE,Germany,MT,Malta,2022,20130.0,,True,individual_country,True
DE,Germany,MT,Malta,2023,25462.0,,True,individual_country,True
DE,Germany,MT,Malta,2024,30112.0,,True,individual_country,True
DE,Germany,MT,Malta,2025,,,False,individual_country,True
DE,Germany,NL,Netherlands,2021,2033053.0,,True,individual_country,True
DE,Germany,NL,Netherlands,2022,4482788.0,,True,individual_country,True
DE,Germany,NL,Netherlands,2023,5012318.0,,True,individual_country,True
DE,Germany,NL,Netherlands,2024,5250119.0,,True,individual_country,True
DE,Germany,NL,Netherlands,2025,,,False,individual_country,True
DE,Germany,AT,Austria,2021,837113.0,,True,individual_country,True
DE,Germany,AT,Austria,2022,1708766.0,,True,individual_country,True
DE,Germany,AT,Austria,2023,2015043.0,,True,individual_country,True
DE,Germany,AT,Austria,2024,2131281.0,,True,individual_country,True
DE,Germany,AT,Austria,2025,,,False,individual_country,True
DE,Germany,PL,Poland,2021,609722.0,,True,individual_country,True
DE,Germany,PL,Poland,2022,1063431.0,,True,individual_country,True
DE,Germany,PL,Poland,2023,1355939.0,,True,individual_country,True
DE,Germany,PL,Poland,2024,1471375.0,,True,individual_country,True
DE,Germany,PL,Poland,2025,,,False,individual_country,True
DE,Germany,PT,Portugal,2021,67075.0,,True,individual_country,True
DE,Germany,PT,Portugal,2022,161834.0,,True,individual_country,True
DE,Germany,PT,Portugal,2023,192860.0,,True,individual_country,True
DE,Germany,PT,Portugal,2024,209928.0,,True,individual_country,True
DE,Germany,PT,Portugal,2025,,,False,individual_country,True
DE,Germany,RO,Romania,2021,179238.0,,True,individual_country,True
DE,Germany,RO,Romania,2022,289394.0,,True,individual_country,True
DE,Germany,RO,Romania,2023,350629.0,,True,individual_country,True
DE,Germany,RO,Romania,2024,402210.0,,True,individual_country,True
DE,Germany,RO,Romania,2025,,,False,individual_country,True
DE,Germany,SI,Slovenia,2021,56217.0,,True,individual_country,True
DE,Germany,SI,Slovenia,2022,108490.0,,True,individual_country,True
DE,Germany,SI,Slovenia,2023,132634.0,,True,individual_country,True
DE,Germany,SI,Slovenia,2024,145735.0,,True,individual_country,True
DE,Germany,SI,Slovenia,2025,,,False,individual_country,True
DE,Germany,SK,Slovakia,2021,73025.0,,True,individual_country,True
DE,Germany,SK,Slovakia,2022,137990.0,,True,individual_country,True
DE,Germany,SK,Slovakia,2023,166648.0,,True,individual_country,True
DE,Germany,SK,Slovakia,2024,186241.0,,True,individual_country,True
DE,Germany,SK,Slovakia,2025,,,False,individual_country,True
DE,Germany,FI,Finland,2021,62918.0,,True,individual_country,True
DE,Germany,FI,Finland,2022,224056.0,,True,individual_country,True
DE,Germany,FI,Finland,2023,257783.0,,True,individual_country,True
DE,Germany,FI,Finland,2024,265234.0,,True,individual_country,True
DE,Germany,FI,Finland,2025,,,False,individual_country,True
DE,Germany,SE,Sweden,2021,242324.0,,True,individual_country,True
DE,Germany,SE,Sweden,2022,718449.0,,True,individual_country,True
DE,Germany,SE,Sweden,2023,795109.0,,True,individual_country,True
DE,Germany,SE,Sweden,2024,824983.0,,True,individual_country,True
DE,Germany,SE,Sweden,2025,,,False,individual_country,True
DE,Germany,INT_EU27_2020,Intra-EU27 (from 2020),2021,89930776.0,,True,eu_aggregate,False
DE,Germany,INT_EU27_2020,Intra-EU27 (from 2020),2022,147021125.0,,True,eu_aggregate,False
DE,Germany,INT_EU27_2020,Intra-EU27 (from 2020),2023,163140536.0,,True,eu_aggregate,False
DE,Germany,INT_EU27_2020,Intra-EU27 (from 2020),2024,168064959.0,,True,eu_aggregate,False
DE,Germany,INT_EU27_2020,Intra-EU27 (from 2020),2025,,,False,eu_aggregate,False
DE,Germany,INT_EU28,Intra-EU28 (2013-2020),2021,90288576.0,,True,eu_aggregate,False
DE,Germany,INT_EU28,Intra-EU28 (2013-2020),2022,148594662.0,,True,eu_aggregate,False
DE,Germany,INT_EU28,Intra-EU28 (2013-2020),2023,165293190.0,,True,eu_aggregate,False
DE,Germany,INT_EU28,Intra-EU28 (2013-2020),2024,170438091.0,,True,eu_aggregate,False
DE,Germany,INT_EU28,Intra-EU28 (2013-2020),2025,,,False,eu_aggregate,False
DE,Germany,INT_EU27_2007,Intra-EU27 (2007-2013),2021,,,False,eu_aggregate,False
DE,Germany,INT_EU27_2007,Intra-EU27 (2007-2013),2022,,,False,eu_aggregate,False
DE,Germany,INT_EU27_2007,Intra-EU27 (2007-2013),2023,,,False,eu_aggregate,False
DE,Germany,INT_EU27_2007,Intra-EU27 (2007-2013),2024,,,False,eu_aggregate,False
DE,Germany,INT_EU27_2007,Intra-EU27 (2007-2013),2025,,,False,eu_aggregate,False
DE,Germany,EU27_2020_FOR,EU27 countries (from 2020) except reporting country,2021,7808429.0,,True,eu_aggregate,False
DE,Germany,EU27_2020_FOR,EU27 countries (from 2020) except reporting country,2022,16864062.0,,True,eu_aggregate,False
DE,Germany,EU27_2020_FOR,EU27 countries (from 2020) except reporting country,2023,19645157.0,,True,eu_aggregate,False
DE,Germany,EU27_2020_FOR,EU27 countries (from 2020) except reporting country,2024,20797357.0,,True,eu_aggregate,False
DE,Germany,EU27_2020_FOR,EU27 countries (from 2020) except reporting country,2025,,,False,eu_aggregate,False
DE,Germany,EFTA,European Free Trade Association,2021,1298214.0,,True,regional_aggregate,False
DE,Germany,EFTA,European Free Trade Association,2022,3114404.0,,True,regional_aggregate,False
DE,Germany,EFTA,European Free Trade Association,2023,3604013.0,,True,regional_aggregate,False
DE,Germany,EFTA,European Free Trade Association,2024,3713804.0,,True,regional_aggregate,False
DE,Germany,EFTA,European Free Trade Association,2025,,,False,regional_aggregate,False
DE,Germany,IS,Iceland,2021,14284.0,,True,individual_country,True
DE,Germany,IS,Iceland,2022,38865.0,,True,individual_country,True
DE,Germany,IS,Iceland,2023,39112.0,,True,individual_country,True
DE,Germany,IS,Iceland,2024,41801.0,,True,individual_country,True
DE,Germany,IS,Iceland,2025,,,False,individual_country,True
DE,Germany,CH_LI,Switzerland and Liechtenstein,2021,1202640.0,,True,combined_market,True
DE,Germany,CH_LI,Switzerland and Liechtenstein,2022,2752246.0,,True,combined_market,True
DE,Germany,CH_LI,Switzerland and Liechtenstein,2023,3220709.0,,True,combined_market,True
DE,Germany,CH_LI,Switzerland and Liechtenstein,2024,3315820.0,,True,combined_market,True
DE,Germany,CH_LI,Switzerland and Liechtenstein,2025,,,False,combined_market,True
DE,Germany,NO,Norway,2021,81290.0,,True,individual_country,True
DE,Germany,NO,Norway,2022,323293.0,,True,individual_country,True
DE,Germany,NO,Norway,2023,344192.0,,True,individual_country,True
DE,Germany,NO,Norway,2024,356183.0,,True,individual_country,True
DE,Germany,NO,Norway,2025,,,False,individual_country,True
DE,Germany,UK,United Kingdom,2021,357800.0,,True,individual_country,True
DE,Germany,UK,United Kingdom,2022,1573537.0,,True,individual_country,True
DE,Germany,UK,United Kingdom,2023,2152654.0,,True,individual_country,True
DE,Germany,UK,United Kingdom,2024,2373132.0,,True,individual_country,True
DE,Germany,UK,United Kingdom,2025,,,False,individual_country,True
DE,Germany,TR,Türkiye,2021,90799.0,,True,individual_country,True
DE,Germany,TR,Türkiye,2022,273600.0,,True,individual_country,True
DE,Germany,TR,Türkiye,2023,400402.0,,True,individual_country,True
DE,Germany,TR,Türkiye,2024,488285.0,,True,individual_country,True
DE,Germany,TR,Türkiye,2025,,,False,individual_country,True
DE,Germany,UA,Ukraine,2021,82334.0,,True,individual_country,True
DE,Germany,UA,Ukraine,2022,280891.0,,True,individual_country,True
DE,Germany,UA,Ukraine,2023,259082.0,,True,individual_country,True
DE,Germany,UA,Ukraine,2024,261552.0,,True,individual_country,True
DE,Germany,UA,Ukraine,2025,,,False,individual_country,True
DE,Germany,RU,Russia,2021,73165.0,,True,individual_country,True
DE,Germany,RU,Russia,2022,124569.0,,True,individual_country,True
DE,Germany,RU,Russia,2023,116705.0,,True,individual_country,True
DE,Germany,RU,Russia,2024,107706.0,,True,individual_country,True
DE,Germany,RU,Russia,2025,,,False,individual_country,True
DE,Germany,EUR_OTH,Other European countries (aggregate changing according to the context),2021,232255.0,,True,regional_aggregate,False
DE,Germany,EUR_OTH,Other European countries (aggregate changing according to the context),2022,503089.0,,True,regional_aggregate,False
DE,Germany,EUR_OTH,Other European countries (aggregate changing according to the context),2023,642278.0,,True,regional_aggregate,False
DE,Germany,EUR_OTH,Other European countries (aggregate changing according to the context),2024,748775.0,,True,regional_aggregate,False
DE,Germany,EUR_OTH,Other European countries (aggregate changing according to the context),2025,,,False,regional_aggregate,False
DE,Germany,AFR,Africa,2021,62029.0,,True,regional_aggregate,False
DE,Germany,AFR,Africa,2022,194011.0,,True,regional_aggregate,False
DE,Germany,AFR,Africa,2023,232230.0,,True,regional_aggregate,False
DE,Germany,AFR,Africa,2024,251275.0,,True,regional_aggregate,False
DE,Germany,AFR,Africa,2025,,,False,regional_aggregate,False
DE,Germany,ZA,South Africa,2021,8079.0,,True,individual_country,True
DE,Germany,ZA,South Africa,2022,44483.0,,True,individual_country,True
DE,Germany,ZA,South Africa,2023,51048.0,,True,individual_country,True
DE,Germany,ZA,South Africa,2024,50852.0,,True,individual_country,True
DE,Germany,ZA,South Africa,2025,,,False,individual_country,True
DE,Germany,AFR_OTH,Other African countries (aggregate changing according to the context),2021,53950.0,,True,regional_aggregate,False
DE,Germany,AFR_OTH,Other African countries (aggregate changing according to the context),2022,149528.0,,True,regional_aggregate,False
DE,Germany,AFR_OTH,Other African countries (aggregate changing according to the context),2023,181182.0,,True,regional_aggregate,False
DE,Germany,AFR_OTH,Other African countries (aggregate changing according to the context),2024,200423.0,,True,regional_aggregate,False
DE,Germany,AFR_OTH,Other African countries (aggregate changing according to the context),2025,,,False,regional_aggregate,False
DE,Germany,AME,America,2021,872379.0,,True,regional_aggregate,False
DE,Germany,AME,America,2022,3040170.0,,True,regional_aggregate,False
DE,Germany,AME,America,2023,3795445.0,,True,regional_aggregate,False
DE,Germany,AME,America,2024,4245422.0,,True,regional_aggregate,False
DE,Germany,AME,America,2025,,,False,regional_aggregate,False
DE,Germany,AME_N,Northern America,2021,763225.0,,True,regional_aggregate,False
DE,Germany,AME_N,Northern America,2022,2542512.0,,True,regional_aggregate,False
DE,Germany,AME_N,Northern America,2023,3167215.0,,True,regional_aggregate,False
DE,Germany,AME_N,Northern America,2024,3556166.0,,True,regional_aggregate,False
DE,Germany,AME_N,Northern America,2025,,,False,regional_aggregate,False
DE,Germany,CA,Canada,2021,58426.0,,True,individual_country,True
DE,Germany,CA,Canada,2022,205514.0,,True,individual_country,True
DE,Germany,CA,Canada,2023,273308.0,,True,individual_country,True
DE,Germany,CA,Canada,2024,299612.0,,True,individual_country,True
DE,Germany,CA,Canada,2025,,,False,individual_country,True
DE,Germany,US,United States,2021,700281.0,,True,individual_country,True
DE,Germany,US,United States,2022,2316206.0,,True,individual_country,True
DE,Germany,US,United States,2023,2864068.0,,True,individual_country,True
DE,Germany,US,United States,2024,3222927.0,,True,individual_country,True
DE,Germany,US,United States,2025,,,False,individual_country,True
DE,Germany,AME_N_OTH,Other Northern American countries,2021,4518.0,,True,regional_aggregate,False
DE,Germany,AME_N_OTH,Other Northern American countries,2022,20792.0,,True,regional_aggregate,False
DE,Germany,AME_N_OTH,Other Northern American countries,2023,29839.0,,True,regional_aggregate,False
DE,Germany,AME_N_OTH,Other Northern American countries,2024,33627.0,,True,regional_aggregate,False
DE,Germany,AME_N_OTH,Other Northern American countries,2025,,,False,regional_aggregate,False
DE,Germany,AME_C_S,Central and South America,2021,109154.0,,True,regional_aggregate,False
DE,Germany,AME_C_S,Central and South America,2022,497658.0,,True,regional_aggregate,False
DE,Germany,AME_C_S,Central and South America,2023,628230.0,,True,regional_aggregate,False
DE,Germany,AME_C_S,Central and South America,2024,689256.0,,True,regional_aggregate,False
DE,Germany,AME_C_S,Central and South America,2025,,,False,regional_aggregate,False
DE,Germany,BR,Brazil,2021,30677.0,,True,individual_country,True
DE,Germany,BR,Brazil,2022,183250.0,,True,individual_country,True
DE,Germany,BR,Brazil,2023,233576.0,,True,individual_country,True
DE,Germany,BR,Brazil,2024,255589.0,,True,individual_country,True
DE,Germany,BR,Brazil,2025,,,False,individual_country,True
DE,Germany,AME_C_S_OTH,Other Central or South American countries,2021,78477.0,,True,regional_aggregate,False
DE,Germany,AME_C_S_OTH,Other Central or South American countries,2022,314408.0,,True,regional_aggregate,False
DE,Germany,AME_C_S_OTH,Other Central or South American countries,2023,394654.0,,True,regional_aggregate,False
DE,Germany,AME_C_S_OTH,Other Central or South American countries,2024,433667.0,,True,regional_aggregate,False
DE,Germany,AME_C_S_OTH,Other Central or South American countries,2025,,,False,regional_aggregate,False
DE,Germany,ASI,Asia,2021,569394.0,,True,regional_aggregate,False
DE,Germany,ASI,Asia,2022,1786981.0,,True,regional_aggregate,False
DE,Germany,ASI,Asia,2023,2876538.0,,True,regional_aggregate,False
DE,Germany,ASI,Asia,2024,3294737.0,,True,regional_aggregate,False
DE,Germany,ASI,Asia,2025,,,False,regional_aggregate,False
DE,Germany,CN,China,2021,54762.0,,True,individual_country,True
DE,Germany,CN,China,2022,178483.0,,True,individual_country,True
DE,Germany,CN,China,2023,579390.0,,True,individual_country,True
DE,Germany,CN,China,2024,841946.0,,True,individual_country,True
DE,Germany,CN,China,2025,,,False,individual_country,True
DE,Germany,JP,Japan,2021,27950.0,,True,individual_country,True
DE,Germany,JP,Japan,2022,131962.0,,True,individual_country,True
DE,Germany,JP,Japan,2023,274564.0,,True,individual_country,True
DE,Germany,JP,Japan,2024,331949.0,,True,individual_country,True
DE,Germany,JP,Japan,2025,,,False,individual_country,True
DE,Germany,KR,South Korea,2021,28110.0,,True,individual_country,True
DE,Germany,KR,South Korea,2022,124301.0,,True,individual_country,True
DE,Germany,KR,South Korea,2023,231407.0,,True,individual_country,True
DE,Germany,KR,South Korea,2024,236609.0,,True,individual_country,True
DE,Germany,KR,South Korea,2025,,,False,individual_country,True
DE,Germany,ASI_OTH,Other Asian countries (aggregate changing according to the context),2021,458572.0,,True,regional_aggregate,False
DE,Germany,ASI_OTH,Other Asian countries (aggregate changing according to the context),2022,1352235.0,,True,regional_aggregate,False
DE,Germany,ASI_OTH,Other Asian countries (aggregate changing according to the context),2023,1791177.0,,True,regional_aggregate,False
DE,Germany,ASI_OTH,Other Asian countries (aggregate changing according to the context),2024,1884233.0,,True,regional_aggregate,False
DE,Germany,ASI_OTH,Other Asian countries (aggregate changing according to the context),2025,,,False,regional_aggregate,False
DE,Germany,OCE,Oceania,2021,23285.0,,True,regional_aggregate,False
DE,Germany,OCE,Oceania,2022,217979.0,,True,regional_aggregate,False
DE,Germany,OCE,Oceania,2023,396998.0,,True,regional_aggregate,False
DE,Germany,OCE,Oceania,2024,399842.0,,True,regional_aggregate,False
DE,Germany,OCE,Oceania,2025,,,False,regional_aggregate,False
DE,Germany,AU,Australia,2021,17723.0,,True,individual_country,True
DE,Germany,AU,Australia,2022,185550.0,,True,individual_country,True
DE,Germany,AU,Australia,2023,337941.0,,True,individual_country,True
DE,Germany,AU,Australia,2024,336897.0,,True,individual_country,True
DE,Germany,AU,Australia,2025,,,False,individual_country,True
DE,Germany,OCE_OTH,Other Oceanian countries (aggregate changing according to the context),2021,5562.0,,True,regional_aggregate,False
DE,Germany,OCE_OTH,Other Oceanian countries (aggregate changing according to the context),2022,32429.0,,True,regional_aggregate,False
DE,Germany,OCE_OTH,Other Oceanian countries (aggregate changing according to the context),2023,59057.0,,True,regional_aggregate,False
DE,Germany,OCE_OTH,Other Oceanian countries (aggregate changing according to the context),2024,62945.0,,True,regional_aggregate,False
DE,Germany,OCE_OTH,Other Oceanian countries (aggregate changing according to the context),2025,,,False,regional_aggregate,False
DE,Germany,DOM,Domestic country,2021,82122347.0,,True,domestic,False
DE,Germany,DOM,Domestic country,2022,130157063.0,,True,domestic,False
DE,Germany,DOM,Domestic country,2023,143495379.0,,True,domestic,False
DE,Germany,DOM,Domestic country,2024,147267602.0,,True,domestic,False
DE,Germany,DOM,Domestic country,2025,,,False,domestic,False
DE,Germany,WORLD,All countries of the world,2021,93774423.0,,True,world_aggregate,False
DE,Germany,WORLD,All countries of the world,2022,158539982.0,,True,world_aggregate,False
DE,Germany,WORLD,All countries of the world,2023,178207140.0,,True,world_aggregate,False
DE,Germany,WORLD,All countries of the world,2024,184687401.0,,True,world_aggregate,False
DE,Germany,WORLD,All countries of the world,2025,,,False,world_aggregate,False
DE,Germany,WRL_NAL,World - not allocated,2021,181993.0,,True,world_aggregate,False
DE,Germany,WRL_NAL,World - not allocated,2022,409626.0,,True,world_aggregate,False
DE,Germany,WRL_NAL,World - not allocated,2023,590259.0,,True,world_aggregate,False
DE,Germany,WRL_NAL,World - not allocated,2024,737912.0,,True,world_aggregate,False
DE,Germany,WRL_NAL,World - not allocated,2025,,,False,world_aggregate,False
